{
    "nodes": {
        "0": {
            "x": 803.5906062322707,
            "y": 396.0
        },
        "1": {
            "x": 772.0339102720725,
            "y": 490.7050222518079
        },
        "2": {
            "x": 711.6640072458688,
            "y": 575.5513274660328
        },
        "3": {
            "x": 608.0,
            "y": 603.8657129337157
        },
        "4": {
            "x": 519.21306661944,
            "y": 549.783479663363
        },
        "5": {
            "x": 430.2179805659,
            "y": 498.6424967773529
        },
        "6": {
            "x": 389.6553926076313,
            "y": 396.0
        },
        "7": {
            "x": 436.108037254221,
            "y": 296.75812903719145
        },
        "8": {
            "x": 489.62516619138324,
            "y": 190.96877350595392
        },
        "9": {
            "x": 608.0,
            "y": 187.38889008916635
        },
        "10": {
            "x": 708.6419301105838,
            "y": 221.68306367667287
        },
        "11": {
            "x": 806.1081040542091,
            "y": 281.62223279565586
        },
        "12": {
            "x": 279.4009962172874,
            "y": 188.95
        },
        "13": {
            "x": 188.95,
            "y": 283.4563311815217
        },
        "14": {
            "x": 113.00546201256348,
            "y": 188.95
        },
        "15": {
            "x": 188.94999999999996,
            "y": 104.25727455260662
        },
        "16": {
            "x": 1111.6647153724289,
            "y": 604.05
        },
        "17": {
            "x": 1027.05,
            "y": 702.4793893159097
        },
        "18": {
            "x": 942.3356796868738,
            "y": 604.05
        },
        "19": {
            "x": 1027.05,
            "y": 502.54675326283046
        }
    },
    "adj_list": {
        "0": [
            "10",
            "1",
            "6",
            "11"
        ],
        "1": [
            "9",
            "11",
            "0",
            "5",
            "2",
            "4"
        ],
        "2": [
            "8",
            "3",
            "7",
            "6",
            "5",
            "1",
            "10"
        ],
        "3": [
            "8",
            "9",
            "2",
            "7",
            "11",
            "5"
        ],
        "4": [
            "9",
            "5",
            "1"
        ],
        "5": [
            "4",
            "11",
            "1",
            "8",
            "3",
            "2"
        ],
        "6": [
            "10",
            "7",
            "2",
            "0"
        ],
        "7": [
            "8",
            "6",
            "2",
            "3",
            "10",
            "11"
        ],
        "8": [
            "7",
            "3",
            "10",
            "2",
            "5"
        ],
        "9": [
            "4",
            "1",
            "3",
            "11"
        ],
        "10": [
            "0",
            "8",
            "6",
            "7",
            "2"
        ],
        "11": [
            "1",
            "5",
            "3",
            "7",
            "0",
            "9"
        ],
        "12": [
            "14",
            "15",
            "13"
        ],
        "13": [
            "15",
            "14",
            "12"
        ],
        "14": [
            "12",
            "13",
            "15"
        ],
        "15": [
            "13",
            "12",
            "14"
        ],
        "16": [
            "18",
            "19",
            "17"
        ],
        "17": [
            "19",
            "16",
            "18"
        ],
        "18": [
            "16",
            "19",
            "17"
        ],
        "19": [
            "18",
            "17",
            "16"
        ]
    }
}